build_id,commit,pull_req,branch,status,duration,started_at,jobs,event_type
155983903,2ee4b1da7ac8eb55a6240a226a3fcf0bfeaa3c84,1433,master,passed,1531,2016-08-29 16:32:34 UTC,155983904,155983905,pull_request
150992181,aa82751774b1e75950cb6cfefa2a142e75dde780,,master,passed,1714,2016-08-09 17:29:37 UTC,150992182,150992183,push
150978957,6d91e362060d4ea3301681989dc0f56b04037f36,,master,passed,1703,2016-08-09 16:40:11 UTC,150978958,150978959,push
145571628,3f5543a1519e2b711a677f9072ad56734f492f86,,master,passed,1688,2016-07-18 15:35:19 UTC,145571629,145571630,push
145089083,7d54cb50e387a316b9d851c9a995f714a4f34122,,master,passed,2254,2016-07-15 19:23:41 UTC,145089084,145089085,push
144593946,37d3f377dbbe71e363f5b4826cda45d6e1758068,1338,master,passed,1417,2016-07-13 22:02:34 UTC,144593947,144593948,pull_request
144552166,30e76ff9ade86d1374469ed3828531a47bc1313d,1338,master,passed,1838,2016-07-13 19:13:33 UTC,144552167,144552168,pull_request
144049204,6d44b1834e07ae3a81162eb9a165d4c3364b6723,,3.0,passed,366,2016-07-12 01:45:35 UTC,144049205,push
143954456,e8b1dd5cfe7f60dfcf9537e6321aeca5e1111ceb,1057,3.0,passed,458,2016-07-11 17:49:50 UTC,143954457,pull_request
143949130,276849fd0d620d3428eee8d34bad2310737b54d1,1057,3.0,passed,633,2016-07-11 17:27:19 UTC,143949131,pull_request
143946109,a51b047961c39faed6e4a0f5851ced82830cb534,1057,3.0,failed,160,2016-07-11 17:14:40 UTC,143946110,pull_request
143926429,2f7128edb0a4fc932a15531e998238caddfd265f,,master,passed,1466,2016-07-11 16:01:01 UTC,143926431,143926432,push
143915457,1ab0a907627215a5830d8349179f48f5d028f5fc,,master,passed,1427,2016-07-11 15:22:04 UTC,143915458,143915460,push
143912602,d112d5d68718a9335fa9d92d9b1f55441ad82006,,master,passed,1518,2016-07-11 15:12:16 UTC,143912603,143912604,push
143735170,e57da545bf88574919de743f9d10097314362b25,1324,master,passed,1291,2016-07-10 17:24:25 UTC,143735171,143735172,pull_request
143699616,2092bba92f0a0c2986ae0cd5dc1e2256fc1241da,1323,master,passed,1299,2016-07-10 12:16:23 UTC,143699617,143699618,pull_request
143688848,4926de9e8876d4ef7c3871bab16960997e8617c8,1322,master,passed,1128,2016-07-10 10:26:24 UTC,143688849,143688850,pull_request
143630176,a40ba06f940b6e75ec22c9be19a30620465f93bd,1321,master,passed,1025,2016-07-09 23:08:33 UTC,143630177,143630178,pull_request
143366904,a6731ff932566388e794fc16d42afa94c518618b,,master,passed,1538,2016-07-08 15:49:20 UTC,143366905,143366906,push
143176772,235f90fc426431482a5b332a308151f6f3337809,,master,passed,1341,2016-07-07 21:48:37 UTC,143176773,143176775,push
143160813,77f10060234c2a6714d6ca1b49a4f4c741823ac7,,master,passed,1301,2016-07-07 20:43:40 UTC,143160814,143160815,push
143138921,1bb673f6b864c598a5d1c4d6892bb6f1b37061e2,,master,passed,1527,2016-07-07 19:12:43 UTC,143138922,143138923,push
142712678,88488de0e1d527680d73b1d93e7faf8348ab0a8c,1303,master,failed,272,2016-07-06 09:57:40 UTC,142712679,142712680,pull_request
142704324,2c004ecc75d80d1d9b4680a76cb8d71f066fd033,1316,master,failed,319,2016-07-06 09:18:46 UTC,142704325,142704326,pull_request
141800726,a35fd1e2f93f4ad55da29ed0a6e82164e11edc88,1303,master,failed,263,2016-07-02 06:16:40 UTC,141800729,141800730,pull_request
139533195,3881e22540a0b3af1547c2660942fdfc2e63f884,,3.0,passed,485,2016-06-22 16:35:03 UTC,139533196,push
139512565,dbfe20e547be35d759d2a5068145c17874b38218,1281,3.0,passed,421,2016-06-22 15:18:09 UTC,139512566,pull_request
138527512,50279290e90d7f3e0830a51ac9623ac10de98d21,1274,master,failed,273,2016-06-18 03:42:24 UTC,138527513,138527514,pull_request
138526350,71fe319e29ce9a60af9408898f80ed6dfbc3dd9a,1268,master,failed,255,2016-06-18 03:23:58 UTC,138526351,138526352,pull_request
137689426,15a307e34c5fc88869f39f7d72603be34f31cddb,1268,master,failed,262,2016-06-15 02:44:01 UTC,137689427,137689428,pull_request
137461957,558aa0d418d9ad350dc9a7f28a1929760eb24983,1268,master,failed,266,2016-06-14 09:41:30 UTC,137461958,137461959,pull_request
135388518,acdee437ab46844e7ce01c2787a3f87fbe39d100,1253,master,passed,1357,2016-06-05 11:35:16 UTC,135388519,135388520,pull_request
131561367,cf259cdbbefd58b91404296c18115c48c8b06f6e,,master,passed,1364,2016-05-19 23:13:04 UTC,131561368,131561369,push
130875541,79e4302088dcdf1dcad9f11229cdd3f79a591237,,master,passed,1540,2016-05-17 16:07:41 UTC,130875542,130875543,push
130351249,563583a3383676c5059dcf2741ea6d7cbfdc05cd,1205,master,passed,1086,2016-05-15 09:11:24 UTC,130351250,130351251,pull_request
130350959,df379eefbfb673e9921429bb81665c2d3d606b8d,1205,master,failed,1044,2016-05-15 09:07:34 UTC,130350960,130350961,pull_request
126516773,3f09165e2002f54c45d50022beca9bfa900d6d40,1057,3.0,passed,453,2016-04-28 22:38:30 UTC,126516774,pull_request
123914803,77c3101dd4ff0878d91ea1a66905af030738a6bd,,3.0,passed,422,2016-04-18 13:59:34 UTC,123914804,push
121947760,98cf9dd15415e3a55c9457060e8a41895c1decd1,1119,3.0,passed,437,2016-04-09 18:59:17 UTC,121947761,pull_request
121755982,b36757abca21599b06a00ff44f2decf3d81df0d6,1119,3.0,passed,501,2016-04-08 17:01:43 UTC,121755983,pull_request
121749726,dacf3288019e9f080b0137120d831161495184cd,1119,3.0,passed,531,2016-04-08 16:39:51 UTC,121749728,pull_request
121498811,bc862117d64cbb28fb9111401d731f8c7588b5d2,1119,3.0,passed,501,2016-04-07 18:18:06 UTC,121498812,pull_request
119052576,cb47a6457ff00687965708aaa9cdb00cd77d12bf,,3.0,passed,458,2016-03-28 19:12:49 UTC,119052577,push
119008136,c00680755e0301fc726367edfb9e9b7fda7a0b9d,1096,3.0,passed,429,2016-03-28 16:34:20 UTC,119008137,pull_request
118698172,b586a967a73e5979ee6759247956735ee26d5dfd,1096,3.0,passed,402,2016-03-26 16:51:22 UTC,118698174,pull_request
118635800,432f9568199bca0c419e36ed2171a7bc62c31c7d,,3.0,passed,350,2016-03-26 06:01:25 UTC,118635801,push
118603318,1c24b9e042f295041e1c838218518c9e6885986b,1092,3.0,passed,398,2016-03-26 00:16:12 UTC,118603319,pull_request
118600080,258cc10f7bc3bb8130f4a319f8a8e50eb4dd1919,,3.0,passed,408,2016-03-25 23:50:22 UTC,118600081,push
118599918,2fc89a9c7aae197a9af67459f2a5c782bd58c248,,3.0,passed,372,2016-03-25 23:49:22 UTC,118599920,push
118552566,cb38bcd58de029ba4dc127facfb167f996cef9f5,1093,3.0,passed,458,2016-03-25 19:54:31 UTC,118552567,pull_request
118525331,e635a380a2cab9a025a5accde01d98ba63ab9120,1091,3.0,passed,437,2016-03-25 17:45:47 UTC,118525332,pull_request
118524965,3c9baf615d2dc5f03802ad3b2d748663c08da2d9,1092,3.0,failed,563,2016-03-25 17:44:09 UTC,118524966,pull_request
118508548,e68db0098abf7a4decedf895aa7f7681b98257d5,,3.0,passed,379,2016-03-25 16:24:43 UTC,118508549,push
118486151,ca88afe4d7c6bc949f3743c8770b71393c8fcd0d,1091,3.0,passed,426,2016-03-25 14:41:03 UTC,118486158,pull_request
118467812,f46ff400015f80bd331830456e24a7651da65f7c,1090,3.0,passed,435,2016-03-25 12:51:57 UTC,118467813,pull_request
117043569,4d2e710411c940d6824b52b654939ef21733ec37,,master,passed,1244,2016-03-19 00:25:45 UTC,117043570,117043571,push
116993492,438710582f77f968027038b48859e680e8681666,1071,master,passed,1187,2016-03-18 19:55:28 UTC,116993493,116993494,pull_request
116478611,218a3d3e9fc76b0f8a55d4ec2a15f433132eaf76,1057,3.0,passed,453,2016-03-16 20:30:00 UTC,116478613,pull_request
116456955,a89e3b0eb66c74bc0483929709ed0cec2dbbd281,1057,3.0,passed,513,2016-03-16 18:57:15 UTC,116456956,pull_request
116421312,31a8b7c1e9ec7692f23f7a277699c31c015f2f0c,1057,3.0,passed,412,2016-03-16 16:26:34 UTC,116421313,pull_request
116227053,acd4fd32d559510bcdcaaa77839011e6cb4f85ee,1057,3.0,passed,497,2016-03-15 20:49:46 UTC,116227054,pull_request
114895035,6f5ce950da23be69c15ced9d3423aa2020b5f3df,,master,passed,1229,2016-03-09 20:47:02 UTC,114895036,114895037,push
114813003,63e0867760f05201b4bb9f848d84e9f87fac12b9,1045,master,passed,1121,2016-03-09 15:18:18 UTC,114813004,114813005,pull_request
113731352,82209f76d8305e4ae10aa0e70f00c534c15e8e5a,,3.0,passed,587,2016-03-04 18:34:13 UTC,113731353,push
113721117,1a101914476c570e28b6dcef3f66759243d95824,,3.0,passed,457,2016-03-04 17:47:47 UTC,113721118,push
113546448,ff5c80d52dd9e279b47ac023414e7ba9e59ed351,1027,3.0,errored,819,2016-03-04 00:33:46 UTC,113546449,pull_request
113543442,52d1c6cad946c331501a9dcd69d48403ee083d3c,1027,3.0,passed,407,2016-03-04 00:12:50 UTC,113543443,pull_request
113271882,2c1676bfa17679ea6e7330c9d8757d6abad14cfd,,master,passed,1121,2016-03-02 23:32:17 UTC,113271883,113271884,push
113268528,ea64d0b6bb24c2887dba34c7d3a902eb6b0a5518,1023,master,passed,1029,2016-03-02 23:14:04 UTC,113268529,113268530,pull_request
112888017,df0856b32383237fdbb672849a20dee9c73c2193,,master,passed,1694,2016-03-01 15:44:33 UTC,112888018,112888019,push
112799593,ca59bc8ee174fa19bb610ead1682ba9871b9a537,1016,master,passed,1184,2016-03-01 08:41:57 UTC,112799595,112799596,pull_request
112738996,85f754e945311cd80c7ed532daf0e1dfd9249da6,1016,master,passed,1024,2016-03-01 00:29:13 UTC,112738997,112738998,pull_request
111766330,82254c239ea0ef0dc1a762b7894ab76297648945,,master,passed,1168,2016-02-25 14:57:39 UTC,111766331,111766332,push
111585162,37b4b7da5ba1ba44798ef0644648d900157487fd,1000,master,passed,1206,2016-02-24 20:43:56 UTC,111585163,111585164,pull_request
111571416,3178434d1e4f75638714b3fe503f8663ed9c220d,,master,passed,1149,2016-02-24 19:44:31 UTC,111571417,111571418,push
111503035,7d4d62e82fc57ef8c9950cab05f7c01b4c77250f,992,master,passed,1101,2016-02-24 15:18:11 UTC,111503036,111503037,pull_request
111350551,e29f37467c8be4762d385799aca96a11e1fbb2f3,992,master,passed,1153,2016-02-23 23:24:57 UTC,111350552,111350553,pull_request
111350370,afe943cdce785db1a3b5fdbc0f7dd2dd51802721,992,master,passed,1212,2016-02-23 23:23:41 UTC,111350371,111350372,pull_request
111241543,025e290aa9470a40a1bfcdce9a9da55b0a9c95df,,master,passed,1395,2016-02-23 15:54:41 UTC,111241544,111241545,push
110977734,3a8490a97372952d4bf96024fb4fff7b4b79e600,,master,passed,1218,2016-02-22 15:27:53 UTC,110977735,110977736,push
110852674,aa07010d6add1b0786bb00878cda7831c97f9494,990,master,passed,1157,2016-02-22 00:39:38 UTC,110852675,110852676,pull_request
110851724,83de5098d34521b284063631d030dd75e694f14e,990,master,passed,931,2016-02-22 00:30:58 UTC,110851726,110851728,pull_request
108425037,59133d4da250a3177c72dca42ed93b06e9e77ab5,,master,passed,1296,2016-02-11 00:28:53 UTC,108425038,108425039,push
108424944,22f4beb19bcdafe061eea9f4c8d2826d2e79cb30,,master,passed,1126,2016-02-11 00:25:04 UTC,108424945,108424946,push
108424701,ee36815ca9c6ba3b775f59f7671f4253e1005b81,,master,passed,1031,2016-02-11 00:21:26 UTC,108424702,108424704,push
108424676,f92f2267394aa2dfdff711335c159ae62bda87f7,,3.0,passed,412,2016-02-11 00:21:13 UTC,108424677,push
108424661,048ad2f45e0a18a0184a9dcb3152a63d060a4145,,3.0,passed,450,2016-02-11 00:21:02 UTC,108424662,push
108423839,a0aada3e817bd6824f43810fe29ae70f1bbfc9dc,,master,passed,1109,2016-02-11 00:14:56 UTC,108423840,108423841,push
107926254,cdfa93e34e0efcad338702e48ec50e86d5d64c4e,,master,errored,1519,2016-02-09 02:10:57 UTC,107926255,107926256,push
107699956,2236b2b7214efa38b4999db3c4837dffb92a9bcd,920,master,errored,1801,2016-02-08 04:25:57 UTC,107699957,107699958,pull_request
107653076,4fd3b68081c32cec918fd940e71a7c9d205b7450,972,3.0,passed,454,2016-02-07 21:56:42 UTC,107653077,pull_request
107577026,2da0d69fa24c7479a410f320ffd21d0c47a0edf1,968,3.0,errored,842,2016-02-07 12:25:00 UTC,107577027,pull_request
107576988,9ba4b3330e771d4818a57ccb8488edefb8c20abe,967,master,errored,1692,2016-02-07 12:24:45 UTC,107576990,107576991,pull_request
107478625,6b08cc55687392b68ecf46934c077db3ac611fb4,962,master,errored,1899,2016-02-06 18:58:53 UTC,107478626,107478627,pull_request
107476712,3a12cfbffc821304512f5e522062f6b440266db0,962,master,failed,789,2016-02-06 18:40:51 UTC,107476713,107476714,pull_request
107388665,bc8429989ecb3670c3897dbc9957f595a883960d,962,master,errored,1326,2016-02-06 03:21:44 UTC,107388666,107388667,pull_request
107375154,0e94c6ac6d0e79116aa2ede5f9b13f3ed0205c8b,962,master,errored,1904,2016-02-06 00:58:44 UTC,107375155,107375156,pull_request
107126420,685463981ae3764cfcf5d25c19b7b5b99d83e6b3,962,master,errored,1795,2016-02-05 01:55:00 UTC,107126421,107126422,pull_request
106380725,17c479b7110b5786071a834b969cb5962cef5e21,955,master,passed,900,2016-02-02 02:59:15 UTC,106380726,106380727,pull_request
106363666,332c1fd02a1bcad7bdbc4f0b2783321d5b6433ff,,master,passed,941,2016-02-02 00:36:07 UTC,106363667,106363668,push
106161723,ab747c4e21f6524a7d63f3fad33227973c39e508,950,master,passed,979,2016-02-01 08:31:48 UTC,106161724,106161725,pull_request
105947610,e280ffb9e1bab53460f711ac79f242637c29397f,,master,passed,1120,2016-01-30 22:58:00 UTC,105947611,105947612,push
105938632,c78f8a48ea95dc4261067ab2a7506cb0f4481efa,947,master,passed,925,2016-01-30 21:43:07 UTC,105938633,105938634,pull_request
105930198,e88f459fdfae8d0fa588e1b9e07c6027f904286c,947,master,passed,959,2016-01-30 20:40:27 UTC,105930199,105930200,pull_request
105446934,ca861e0b29aa044fcb80b02b0ecba7fa551365c8,,3.0,passed,422,2016-01-28 15:46:17 UTC,105446935,push
105446917,54ddf86aef697c8692caf1988f17bc07946fc0f0,,master,passed,1087,2016-01-28 15:46:16 UTC,105446918,105446919,push
104501385,0e19f7cd84a95130f7c7f8915b1e821c51dd1ca5,,3.0,passed,509,2016-01-24 21:46:23 UTC,104501386,push
104500885,0f93217f2dca8133be6ef6654abb0905712ec3b6,,v3.7.0,passed,482,2016-01-24 21:43:41 UTC,104500886,push
104500816,0f93217f2dca8133be6ef6654abb0905712ec3b6,,3.0,passed,419,2016-01-24 21:43:31 UTC,104500817,push
104495788,91c75ee589d0c57aa114734a3d5ff7d0571be6fe,,master,passed,992,2016-01-24 21:09:37 UTC,104495790,104495791,push
104494363,0bc1dc6ab36fee2ab6e35b6fb3f90feaaa7a42a8,,3.0,passed,383,2016-01-24 20:58:25 UTC,104494364,push
104239570,8a4605da3fd12219343be08174dc13d4fb5b85b3,920,master,passed,995,2016-01-23 03:49:36 UTC,104239571,104239572,pull_request
104238631,8188f0914d5dfd9381b9e17838a3004c53f845d7,920,master,failed,1124,2016-01-23 03:31:17 UTC,104238632,104238633,pull_request
104236672,e501a2467f92218c00305d6eab3faa8b437caba3,920,master,failed,1097,2016-01-23 03:10:21 UTC,104236673,104236674,pull_request
104236424,4c54b6318fa154bb68d2aa4034e03c47425d3642,920,master,failed,598,2016-01-23 03:07:53 UTC,104236425,104236426,pull_request
104234722,4c54b6318fa154bb68d2aa4034e03c47425d3642,920,master,failed,675,2016-01-23 02:43:58 UTC,104234723,104234724,pull_request
104233026,3e1892cb165ec5c635436013ecb18e2d1f15fb20,920,master,failed,368,2016-01-23 02:24:26 UTC,104233027,104233028,pull_request
104158009,24f395bca0e2a17c9bec06f7b12c68e22fd456ef,,3.0,passed,1189,2016-01-22 19:09:08 UTC,104158010,push
104122311,fdd875343362f5471b5b3666c2f347da4fc30f76,917,3.0,passed,1040,2016-01-22 16:04:12 UTC,104122312,pull_request
103988712,5807fe618cf8a019188875f3de19f2eb719ec748,917,3.0,passed,498,2016-01-22 00:32:15 UTC,103988713,pull_request
102834319,a54f60fc48b8e5c012db7565575379b07ff17f50,,master,passed,1157,2016-01-16 20:30:39 UTC,102834320,102834322,push
102665908,dc21ef737a1f9a0289a135813cd4290bd1215128,,master,passed,1091,2016-01-15 19:02:04 UTC,102665909,102665910,push
102637741,e615f3fa59a8b075dc2785f4487f68a16de466d3,897,master,passed,1023,2016-01-15 16:40:29 UTC,102637742,102637743,pull_request
102365765,735291ad9075a8673f10982274aab93e9661f866,,3.0,passed,403,2016-01-14 14:57:12 UTC,102365766,push
102317365,a8f9ea4f5f3b9bdcd898dcec93f4e03188576c07,892,3.0,passed,411,2016-01-14 10:42:43 UTC,102317366,pull_request
102314311,9f9e0f000fc55c6cd4a1f1c99b93d005685fa75a,891,3.0,passed,446,2016-01-14 10:26:34 UTC,102314312,pull_request
102247991,7709c36561e4b52345b8c2309fcba868d62505bc,,3.0,passed,350,2016-01-14 01:46:04 UTC,102247992,push
102243793,1ddee4d8ac7675fd1865ea3e4ef49b9b28e8f93e,887,3.0,passed,337,2016-01-14 01:09:39 UTC,102243794,pull_request
102222622,dad410e827b0f941645368ea2c3e3bfbc161c915,887,3.0,passed,479,2016-01-13 22:54:27 UTC,102222623,pull_request
102220792,8ac7ebe20101966697ea718599ac679aff58135e,887,3.0,failed,182,2016-01-13 22:45:14 UTC,102220793,pull_request
101718060,2f8dd4eccb9c5f895aef3c52b31219de25965898,,master,passed,1015,2016-01-11 23:47:37 UTC,101718061,101718062,push
101714786,e8c2fd60e70be4e050782e5c80de221bf574244c,881,master,passed,1058,2016-01-11 23:28:53 UTC,101714787,101714788,pull_request
101677668,04b85152941bbc09fa1e430a9264d6904a09ae57,,master,passed,1199,2016-01-11 20:31:51 UTC,101677669,101677672,push
101652254,1439c67e7b9f6c13eec7f394d908aa1b3fe080ae,,master,passed,1069,2016-01-11 18:30:26 UTC,101652255,101652256,push
101650586,a714090fb30d3d389fbcaf0b5440052ed5b43f98,874,master,passed,929,2016-01-11 18:21:11 UTC,101650587,101650588,pull_request
101633150,9bb9e92f70e5cb4d05b5c96ec5241fc41e871db9,874,master,errored,23,2016-01-11 17:06:00 UTC,101633151,101633152,pull_request
101632826,895163d1ca739d58fcde4157f8c3dde7be4433bc,874,master,errored,23,2016-01-11 17:03:58 UTC,101632827,101632828,pull_request
101627342,00426d31e3a9c2c2c18d811800bab2bfee0dff5d,874,master,errored,17,2016-01-11 16:40:33 UTC,101627343,101627345,pull_request
100940410,c34e7d73b4394b55d3417a231921d6d53b68a9b5,874,master,errored,14,2016-01-07 22:47:47 UTC,100940411,100940413,pull_request
100937121,fc2a7587772b8bf18e2ebfb2f74251b91334c0d6,874,master,errored,15,2016-01-07 22:29:45 UTC,100937122,100937123,pull_request
99975839,734c54c03b8835e99bf0f3385e82017b609bb193,,master,passed,943,2016-01-03 17:51:51 UTC,99975840,99975841,push
99957367,bcb3820080395e8472618eaed7606231d3e5504f,856,master,passed,1009,2016-01-03 15:03:46 UTC,99957368,99957369,pull_request
99918188,8824500094dfe0fbfd74cdcc4d404672231a43f3,856,master,failed,430,2016-01-03 06:37:55 UTC,99918189,99918190,pull_request
99915040,2745e52c6438ccefc5d8abd672c17aeaddcc52d1,856,master,passed,906,2016-01-03 05:44:12 UTC,99915041,99915042,pull_request
99914952,7b09d941fcf51f9cdcb23cf67ead5e37c2d2b8f9,856,master,passed,947,2016-01-03 05:42:10 UTC,99914953,99914954,pull_request
99837007,6bee5647f2bf85a8e4a6f8f59418bf0303bba68b,856,master,failed,233,2016-01-02 16:14:38 UTC,99837008,99837009,pull_request
99647704,3557f4b6dbf519d3b29561a200d82f94b4d0fc65,,master,passed,1002,2015-12-31 20:39:17 UTC,99647705,99647706,push
99586138,8ce3221cdc2c8d7b46ceef8ad658a9249a5aa172,855,master,passed,854,2015-12-31 12:05:26 UTC,99586139,99586140,pull_request
99572187,ba95ff4b0f7b6121947c31d198c0e110d11067ef,854,master,passed,1016,2015-12-31 09:46:10 UTC,99572188,99572190,pull_request
96494442,28859ec29420788d35da69606db96f3a94c9e4e8,,master,passed,907,2015-12-12 21:18:24 UTC,96494443,96494444,push
95734158,31c509e48d1dff30dd47ae72b35b06d8aefd6448,798,master,passed,919,2015-12-09 05:15:29 UTC,95734159,95734160,pull_request
95553430,3d5d43a9480a37172fb31d651478b79687d64210,796,master,passed,1045,2015-12-08 11:27:52 UTC,95553431,95553432,pull_request
95533717,fd826284b1b2432f08cb59c1e947167a46a84cb6,796,master,failed,758,2015-12-08 09:24:37 UTC,95533718,95533719,pull_request
95529660,6afad1b017d6c02b91b1fe2c32d23f305e163996,796,master,failed,756,2015-12-08 08:54:12 UTC,95529661,95529662,pull_request
94548955,7fe2d14985c4e1fa30254930cb0d75c875f073b2,,master,passed,1027,2015-12-03 02:12:33 UTC,94548956,94548957,push
94529779,05c5b8cb5a7c7e4309b80aeb3e45bdf14a90c779,,master,passed,1212,2015-12-02 23:47:36 UTC,94529780,94529781,push
94529674,2a4e75a21fea39e1c069e86ed197e3e076667d43,,master,passed,1082,2015-12-02 23:46:54 UTC,94529675,94529676,push
94523003,32f25e61f2e3deaf82a09ddb5abc0dcebacf4ff8,,master,passed,1016,2015-12-02 23:11:07 UTC,94523004,94523005,push
93366561,38cae1c82d0c1cb878485cef4b15bb18441ee9ff,771,master,passed,1006,2015-11-26 14:20:22 UTC,93366562,93366563,pull_request
93352168,afb53844cd3a4583141e2d69de71e2416fc65d34,772,master,passed,802,2015-11-26 12:48:09 UTC,93352169,93352170,pull_request
93333792,d2ad18f05a1f4e16b1354d266995eb5b73417dbc,771,master,failed,515,2015-11-26 10:39:30 UTC,93333793,93333794,pull_request
93196592,700e2da827d2ffa68cecd07c6f435698d4d32a2a,771,master,failed,606,2015-11-25 16:56:25 UTC,93196593,93196594,pull_request
93188122,958673285748732dc2b69650e28491640fdefe60,,master,passed,1063,2015-11-25 16:12:40 UTC,93188123,93188125,push
93141869,8b3cd4a533d49b5a0e5f4b87a8698bd88a838d80,771,master,failed,483,2015-11-25 11:49:48 UTC,93141870,93141871,pull_request
93140348,e77a908696987709461b07255bcc7fea15ba34e4,771,master,failed,456,2015-11-25 11:36:35 UTC,93140349,93140350,pull_request
93053809,ff7850cf2136f001f3af1e9d0100fcdd829bc9ff,,master,passed,1065,2015-11-24 23:03:11 UTC,93053811,93053814,push
93048357,aa751f6289ea16ef35955f7563038c6c51c6a4e2,,master,passed,1031,2015-11-24 22:34:13 UTC,93048358,93048360,push
93035850,acc3fe3dead2f3f156d1b75cb10cdc7dbbb1d84e,,master,passed,1163,2015-11-24 21:30:34 UTC,93035851,93035852,push
93034318,20aacc51061df68a77f7d5052d42bef24273e997,,master,passed,999,2015-11-24 21:22:00 UTC,93034319,93034320,push
93003980,9054725ba29c0fc9960a7334cedc74922893b8a5,,master,passed,1137,2015-11-24 19:00:17 UTC,93003982,93003983,push
92983147,e04b5a1a558bfba142c2f3c21c08bd6b18aa54cc,,master,passed,1105,2015-11-24 17:24:15 UTC,92983148,92983149,push
92755494,2faacd1074bd06a57f4e269cb91878ffea9f7bd8,758,master,passed,963,2015-11-23 17:15:21 UTC,92755495,92755497,pull_request
92668065,b0555b3a01d24dbad5e7775425da1c19061d34b3,762,master,passed,931,2015-11-23 08:35:18 UTC,92668066,92668067,pull_request
92548870,1a6b34724458557d40a6d09d06acb7af084edbc4,762,master,passed,933,2015-11-22 13:02:28 UTC,92548871,92548872,pull_request
92547443,fb1881ffd85e93003af2d6e46ee7625aa26e302b,762,master,passed,976,2015-11-22 12:49:52 UTC,92547444,92547445,pull_request
92543848,e46caa46e8baf669e685f87194b0efca4389c7a0,761,master,passed,1042,2015-11-22 12:15:38 UTC,92543849,92543850,pull_request
92370679,b907f40e0cda5c0bbb8404e4a06a1a9c7c125f88,758,master,passed,1024,2015-11-20 23:30:55 UTC,92370680,92370681,pull_request
92370462,8c03bfe6fd962662956df62dc2a08e37bb2d791a,758,master,passed,967,2015-11-20 23:29:09 UTC,92370463,92370464,pull_request
92364528,a08ce89d890b466aa3cae22e8275758db88f637b,758,master,passed,1057,2015-11-20 22:56:38 UTC,92364529,92364530,pull_request
92352392,6fe85b223f7528baf35b29de7157f8b5bebbb9fd,758,master,passed,1023,2015-11-20 21:44:23 UTC,92352394,92352395,pull_request
92200406,b666cd25f2e96bcaa0411e7885a446413861e05e,758,master,passed,986,2015-11-20 05:09:52 UTC,92200407,92200408,pull_request
90116156,bcf26d4269269a40d584b9749994aad84b360016,727,master,passed,1090,2015-11-09 15:27:37 UTC,90116157,90116158,pull_request
90113777,676b3aa1a209a800428ca2a1113a91a8d8b6eac3,727,master,passed,1041,2015-11-09 15:16:26 UTC,90113778,90113779,pull_request
90010869,e7052a75a22da1deb9334cce8a8a53aad2c57c70,727,master,failed,392,2015-11-09 00:56:41 UTC,90010870,90010871,pull_request
89713675,2faaba5ef09dec2148cd7914884d5f5013422b82,727,master,passed,990,2015-11-06 19:29:20 UTC,89713676,89713677,pull_request
89348749,d84536b75e2c0693d9e3744ccd5ea7b2d7cdc830,727,master,passed,1068,2015-11-05 00:30:51 UTC,89348750,89348751,pull_request
89242238,4f159aa051fd807aefe610772855e30b06a8aa82,,master,passed,1085,2015-11-04 15:37:17 UTC,89242239,89242240,push
88861920,8a291a8782f2694d9db9766680af62e6eab085bb,,master,passed,1049,2015-11-02 19:57:21 UTC,88861921,88861923,push
88380877,22c5c8fe925673a4ae2de128cd30ad7911fa2f53,,master,passed,1065,2015-10-30 16:44:10 UTC,88380878,88380879,push
88129248,1adc5c8de2fa69fc1f42663ed179e3feeff6894c,709,master,passed,947,2015-10-29 14:56:16 UTC,88129252,88129253,pull_request
88125030,e402e896cbbcccac5def9321a0745a326b6274e3,,3.0,passed,445,2015-10-29 14:37:43 UTC,88125032,push
88104875,6963c7502b6b0f7a03718a2d8fa2abfa5b9205af,717,3.0,passed,422,2015-10-29 12:55:02 UTC,88104876,pull_request
88104784,8813c31909eb85f2d89a950a38f1b2963d1bbcb9,716,master,passed,1031,2015-10-29 12:54:30 UTC,88104785,88104786,pull_request
88070987,088d969fbd2f6c824a66ffc99966ad40365f92d2,709,master,passed,1012,2015-10-29 08:49:40 UTC,88070988,88070989,pull_request
87979938,c1ce94fa10ed7b0aaa16f95e1c729a2deb1c1d1d,,master,passed,898,2015-10-28 20:36:27 UTC,87979939,87979940,push
87019744,7281342b42780d03aa0e5b95ae8a1125f3f70e72,709,master,passed,939,2015-10-23 12:22:06 UTC,87019746,87019747,pull_request
87010174,0d1c598f6f1b4e3fa70e89e23e9a2195ba77ec90,709,master,passed,935,2015-10-23 11:20:08 UTC,87010175,87010176,pull_request
87009819,664e632f5d0620d2bb58d694d8336a6bd410bd80,709,master,passed,894,2015-10-23 11:17:19 UTC,87009820,87009821,pull_request
87002342,3184ff44b2a2d1469f6da774206f8896fb65c0cd,709,master,passed,1061,2015-10-23 10:19:34 UTC,87002343,87002344,pull_request
85847602,4b6a2c5af3cfc7fe65fd4269ea47218c5a0825e0,,master,passed,898,2015-10-17 00:15:41 UTC,85847603,85847604,push
85846545,d2332d7f48a27e7f5765a94add99d0791e05715b,689,master,passed,854,2015-10-17 00:03:23 UTC,85846546,85846547,pull_request
81797091,c2fc19316d8680322cabeed31234d19e942866e8,,master,passed,1094,2015-09-23 15:33:44 UTC,81797092,81797094,push
81737476,ec2c139797d9ddeef3c42a661135af4f4d911bc9,643,master,passed,951,2015-09-23 08:54:54 UTC,81737477,81737478,pull_request
80356948,cb640b2221044fe272ea6a249772cf71ba0d5fab,,master,passed,921,2015-09-15 02:11:21 UTC,80356949,80356950,push
79950901,7a20c21d1844f6631f1017fa76dfad097671476d,620,master,passed,868,2015-09-12 01:28:59 UTC,79950902,79950903,pull_request
79850259,172734a8ae6057a72f5747489eee49d5a45973f6,620,master,passed,858,2015-09-11 13:41:46 UTC,79850260,79850261,pull_request
79848234,443122661801d19cb67333292119a0f15e035764,620,master,failed,388,2015-09-11 13:30:04 UTC,79848235,79848236,pull_request
78825710,f10b02990f735ef9221f3441afdffefac826f025,,master,passed,1700,2015-09-04 20:51:57 UTC,78825711,78825712,push
78788560,85506abeaa9b10ba4c81848772785b60242ba5d7,,master,passed,985,2015-09-04 16:41:49 UTC,78788561,78788562,push
78409436,165db64e6b3abd09a6c32c74eb692e8ee77a2291,,master,passed,1165,2015-09-02 14:46:42 UTC,78409437,78409438,push
78150878,8fdf0b322ad5a33c483af3459167927bb10cd27e,603,master,passed,859,2015-09-01 01:32:34 UTC,78150879,78150880,pull_request
77652147,d5b33b2ac63bcdb5f81aa5a407e82d2632d86908,603,master,passed,999,2015-08-28 09:42:02 UTC,77652148,77652149,pull_request
76699491,b7a37a04c3c73453370a1b75fae1e87bdda22e3f,,master,passed,1037,2015-08-21 20:49:27 UTC,76699492,76699493,push
76695704,d3744a90b37ce2b3d4ac06ef52aad783e66a683e,593,master,passed,991,2015-08-21 20:22:06 UTC,76695705,76695706,pull_request
76338814,455f05e5c552a3dfc73e01085b8575b333752673,,master,passed,942,2015-08-19 18:55:09 UTC,76338815,76338816,push
76029699,eb340db84e10afd465edc1ae8d916881309c3ea0,585,master,passed,841,2015-08-18 00:25:29 UTC,76029700,76029701,pull_request
75752446,44b41f7c28903d6f3e4162c755ae9fa403c951c3,,3.0,passed,370,2015-08-15 18:42:21 UTC,75752447,push
74314462,4f8d43e113f83ac9ff44221e102fc96817721cd9,,master,passed,1080,2015-08-05 21:32:35 UTC,74314463,74314464,push
74277637,4e285f8de24026821cee63e8d94e37aacfb967ec,,master,passed,1243,2015-08-05 17:43:42 UTC,74277638,74277639,push
74225651,460d705c61193d619863c05bc01c1e2dbf05b6d2,569,master,passed,1506,2015-08-05 12:40:21 UTC,74225652,74225653,pull_request
74160739,569a59349a849083633675e7f15b984a6af1efa6,565,master,passed,924,2015-08-05 00:54:35 UTC,74160740,74160741,pull_request
69804678,56af00fceb5808336eca4865d399ece430a4314a,498,master,failed,528,2015-07-06 22:34:19 UTC,69804679,69804680,pull_request
69797896,eeaf46837bc4fa0a6623481dba1202afa58d5a94,498,master,passed,1734,2015-07-06 21:03:40 UTC,69797897,69797898,pull_request
68824201,7820ac23bf755d0cb5bf11a9c87e1bd8cc8e9850,,master,passed,1272,2015-06-29 14:55:40 UTC,68824202,68824204,push
68730783,d557c08345b0e7298cc04fb9a64df5b4489d5a24,,v3.6.1,passed,333,2015-06-28 21:34:37 UTC,68730785,push
68730738,d557c08345b0e7298cc04fb9a64df5b4489d5a24,,3.0,passed,386,2015-06-28 21:34:26 UTC,68730739,push
68414413,f97dc0d713ec45fff6ad857e909bf659740aaf7d,,master,passed,1164,2015-06-26 01:56:37 UTC,68414414,68414415,push
68406174,77e5abb7a3d13f8e729ac4c2bfab5d0009bed29c,,master,passed,987,2015-06-26 00:04:37 UTC,68406175,68406176,push
68191622,fce113143f586f44c9c00e113a744f4258d78b82,,3.0,passed,389,2015-06-24 17:19:13 UTC,68191623,push
68082295,69351a6eddb9945aa58544dd0e08782d2f2a0310,,master,passed,1049,2015-06-23 23:26:33 UTC,68082296,68082297,push
67927646,95551360d7562568ca3b1ce956203c16ae73035d,,master,passed,934,2015-06-23 00:19:43 UTC,67927647,67927648,push
67866880,cfa304d7cda3a81e72202e7a0dba5dfc48283a54,,master,passed,1145,2015-06-22 16:33:17 UTC,67866881,67866882,push
67545103,59fc0fcbd8fe491e33992481ef70399b3e52f7e2,,master,passed,1092,2015-06-19 15:45:33 UTC,67545104,67545105,push
67371225,30be384aa89cd84db9affd0f16497d197e3c8ee8,,master,passed,1193,2015-06-18 13:53:56 UTC,67371226,67371227,push
67264984,3b99bc54d1535d341e8a3db65e601bf0449304d7,498,master,passed,1217,2015-06-17 20:27:50 UTC,67264985,67264986,pull_request
67231598,8eaa0217ad955db159b4fdca05287ad2ccd85aca,,master,passed,1160,2015-06-17 17:06:20 UTC,67231599,67231601,push
67132673,30c92551ee75c2109955ee653e8795c7c1d60bf8,,master,passed,1070,2015-06-17 03:06:05 UTC,67132674,67132675,push
67088984,e7373b40783b65e7f424faf67494efe1c395cac7,498,master,failed,558,2015-06-16 19:57:20 UTC,67088985,67088987,pull_request
66868959,e5f2fc25807dfcd41e1d65403820384e037b2d04,,master,passed,1313,2015-06-15 13:49:43 UTC,66868960,66868961,push
66227078,9c55989c00554ed547967760397c6887a0061cc6,,master,passed,1212,2015-06-10 14:41:34 UTC,66227079,66227081,push
66142198,9b60aa08ae244f479eee8416dd1a5c1ee1b6e8d6,,master,passed,1220,2015-06-10 00:48:24 UTC,66142199,66142200,push
66120355,bf53fa653849217ddd25d6b3c54d8e05312369ee,,master,passed,1261,2015-06-09 21:30:12 UTC,66120356,66120357,push
66114261,8237afc110599649f2cc78afd042f271a682644b,,master,passed,1136,2015-06-09 20:40:49 UTC,66114262,66114263,push
66099093,a50b471ac7d2371998a47fb954b59425f47d5b9f,,master,passed,1196,2015-06-09 19:01:09 UTC,66099094,66099095,push
66051627,1fc3ef901f5c40e57264539bfcb567a379cb965b,,master,passed,1292,2015-06-09 13:42:08 UTC,66051628,66051629,push
65972082,e8db8cb26d9ae1b72d447453e4a9cd562fa3b9a2,488,master,errored,1719,2015-06-08 23:05:30 UTC,65972083,65972084,pull_request
65498317,86a3afa40b56bad2f0d1d51a2a148d897a912b89,,master,passed,1802,2015-06-05 00:15:12 UTC,65498318,65498319,push
65330479,849675a0e96f81dedd0c7a6f8fd7fabc2d5db85d,,master,passed,1145,2015-06-03 23:27:47 UTC,65330480,65330481,push
65154302,8720e161169e228ae4dc1e78affa937f87a561c2,,master,passed,1147,2015-06-02 21:24:07 UTC,65154303,65154304,push
65135599,5b63543ae0ae11f17ba6c4c2b569b2cb5e0b4c47,,master,passed,1322,2015-06-02 19:24:06 UTC,65135600,65135601,push
64971379,d8d32184211799f6839527bef6a20eca77c1d6b5,,master,passed,1108,2015-06-01 19:45:54 UTC,64971382,64971383,push
64959094,f912cd3a2764b12d130a3a9f0962fb4bc3bd6b5a,477,master,errored,1711,2015-06-01 18:16:55 UTC,64959095,64959096,pull_request
64952561,b822f40926ab4c3f147388d1066e98445af0f0a8,477,master,errored,1674,2015-06-01 17:32:59 UTC,64952562,64952563,pull_request
64952428,95c0585be90b21faffd28b944c0dd70780c94164,477,master,errored,1648,2015-06-01 17:32:15 UTC,64952429,64952430,pull_request
64829384,8ad8c2429aa96ccb0ba6202c1b1a7de0aeb87d05,,master,passed,1140,2015-05-31 20:30:01 UTC,64829385,64829386,push
64620074,28ea3c33f14a3fe185336dadfa04472be8719d1b,477,master,errored,1468,2015-05-29 23:25:36 UTC,64620075,64620077,pull_request
64458691,c5aa232b3947169cfa184c87d1e9edb78257a175,,master,passed,1173,2015-05-28 18:03:56 UTC,64458692,64458693,push
64445736,192c9d7728bd08422188d9461c3d521f8fc1c3ea,,master,passed,1101,2015-05-28 16:28:39 UTC,64445737,64445738,push
64439808,640ce783e18ff9c54bf0db3abb2fe7021b8fc300,,master,passed,1130,2015-05-28 15:46:27 UTC,64439809,64439810,push
64308828,4aaeb233d149c820c57f2a769d17df562e969568,,master,passed,1179,2015-05-27 19:36:40 UTC,64308829,64308830,push
63675157,6c34550ca9a289e29b7beae9b6758fa3fd870648,,master,passed,1245,2015-05-22 16:24:09 UTC,63675158,63675159,push
63660441,dc2cd11a5a65e14bc1c7eb9ff30e87f409ca09e2,,master,passed,2174,2015-05-22 14:40:44 UTC,63660443,63660444,63660446,push
63524182,145975c16020103fcc104dfbe9c38ade4a2b51e0,,master,passed,2245,2015-05-21 17:14:49 UTC,63524183,63524184,63524186,push
63519518,ed770db705744217b2cc31c0e2f3f12d3dffdef8,,master,passed,2140,2015-05-21 16:39:47 UTC,63519519,63519520,63519522,push
61822388,f00c9a2f14f6c000a987c463c4f42f4d65ffe248,,master,passed,2386,2015-05-08 21:19:56 UTC,61822389,61822390,61822391,push
61809172,13ddbe86b8dd338d1c73e95e9753cdf8bd34250a,,master,passed,2304,2015-05-08 19:21:50 UTC,61809173,61809174,61809175,push
61171427,cf42cbcb26b753a0c517abca037d08c1ad638f6f,,master,passed,1976,2015-05-04 16:27:18 UTC,61171428,61171429,61171430,push
61097234,0d29f42b3b70610c755e8c76cfa42193d78896dd,,master,passed,1868,2015-05-04 03:44:55 UTC,61097235,61097236,61097237,push
60990664,ae4a451131d858bbe8f1bb1913bfef3322313e73,,master,passed,1897,2015-05-02 22:40:23 UTC,60990665,60990666,60990667,push
60971695,e161ca9b39af52db04527ffe453dacafbb3ab94a,,3.0,passed,356,2015-05-02 18:24:11 UTC,60971696,push
60886242,b1e6e30cbf35c7fa2a71eb4f7b1c2ddd0d157c81,,v3.6.0,passed,363,2015-05-01 20:20:20 UTC,60886243,push
60886224,e85cc9522917267d64ebaaba89e3b2f4dab4575f,,master,passed,436,2015-05-01 20:20:20 UTC,60886225,push
60856396,95482113866a2147660888b6ae1a1d6d9e5ad0a9,,master,passed,479,2015-05-01 16:36:09 UTC,60856397,push
60789388,7e0f87347f1d47605a54c9e2782d8dedd660628c,,4.0a,passed,1591,2015-05-01 02:50:45 UTC,60789389,60789390,60789391,push
60785486,ea0a17a72c1752099c5d014c5485993d1fc48cd0,,master,passed,384,2015-05-01 01:42:48 UTC,60785487,push
60712308,879ea654b54ced110b27eb98fefe9f6074acbfae,,4.0a,passed,2030,2015-04-30 15:18:08 UTC,60712309,60712310,60712311,push
60700440,31e8e3191d3456283db86972f21b030507838e7b,,master,passed,306,2015-04-30 13:55:22 UTC,60700441,push
60692337,13f8b62424aa725f7981967e3f68cbb484b180c2,445,master,passed,365,2015-04-30 12:57:00 UTC,60692338,pull_request
60638243,421570a43c15fa599d21613c90b5df95084bf347,,master,passed,347,2015-04-30 03:11:06 UTC,60638244,push
60636743,f672f23454b6a6421f7e7bbf0303a9d9bdb54d39,,4.0a,passed,1565,2015-04-30 02:50:00 UTC,60636744,60636745,60636746,push
60606348,1a95c525ccfc726a4993dcf2f8d839d59e90da7e,,4.0a,passed,1791,2015-04-29 21:25:07 UTC,60606349,60606350,60606351,push
60468782,088f33df00233c51b34a396041aa32a7fb31fedd,,4.0a,passed,1965,2015-04-29 00:59:06 UTC,60468783,60468784,60468785,push
60449520,5777f04054c627ce35dbf12246eeb4ad5abaee08,,4.0a,passed,3250,2015-04-28 21:42:51 UTC,60449521,60449522,60449523,push
60144275,46126e00cbd8d32fa2b72ffc8af863047e685151,,master,passed,404,2015-04-26 22:07:25 UTC,60144276,push
60135755,1843c20552c6c22ba42859acd3429d4ca83fd7cc,,master,passed,361,2015-04-26 20:37:42 UTC,60135756,push
59953722,01e59f2729767ad92ce7c1fe53f0b7fe128d2290,,4.0a,passed,2399,2015-04-24 22:49:33 UTC,59953723,59953724,59953725,push
59461173,e777bc05934ebf0d8fcb3bbd92e7de23f910fd2c,,master,passed,529,2015-04-21 21:26:44 UTC,59461174,push
59456562,af5755f6998318ea385af0e77b4f5688b9888c0e,430,master,passed,554,2015-04-21 20:51:45 UTC,59456563,pull_request
59422888,21cf17e50a51bf303d7336cdd48264685e508d74,430,master,passed,373,2015-04-21 16:21:55 UTC,59422889,pull_request
59422621,6538ab46fa742c07be7f92d2fd4f44a99448f5c9,430,master,failed,237,2015-04-21 16:19:37 UTC,59422622,pull_request
59422013,bc379424420f193aaa42375d2cb467899337c465,430,master,failed,329,2015-04-21 16:14:44 UTC,59422014,pull_request
59373249,9909e397c6fbfe97d078a405fec35277f476f8b2,430,master,errored,805,2015-04-21 09:55:22 UTC,59373250,pull_request
59253822,8dbafcd3a80db565761e44942b88170911ab63f5,,master,passed,686,2015-04-20 14:52:05 UTC,59253823,push
58950351,09edc463fe8008ec6b2139e0548c88f4e5f9821c,,4.0a,passed,2786,2015-04-17 18:39:55 UTC,58950353,58950354,58950356,push
58693278,6c85b134d797126469dc3ab1a719e9edcf155573,,master,passed,356,2015-04-16 02:33:40 UTC,58693279,push
58477833,9106427987185ef1fd5c5a57b7ef6bc96daea726,,4.0a,passed,3962,2015-04-14 17:30:16 UTC,58477834,58477835,58477836,push
58454894,6529484953f5942229966f3caf4e5fc456251f85,,4.0a,passed,3112,2015-04-14 16:48:43 UTC,58454895,58454896,58454897,push
58346979,899e41b88afab3f8de39e27e6e72b1ba1d57403c,,master,passed,516,2015-04-13 21:38:37 UTC,58346980,push
58283091,f20687d0cbd86d3a46b940b04b440aec3011b9f2,,master,passed,651,2015-04-13 14:52:38 UTC,58283092,push
58273253,c289694af621283ac681ae43790a6980978541b3,401,master,passed,411,2015-04-13 13:49:06 UTC,58273254,pull_request
57968779,8d7beb50703d6ea1da0652ea54095e2a0b7e5c45,,master,passed,430,2015-04-10 15:54:52 UTC,57968780,push
57959185,631cf0b530061c6c7407ecf1e48ed299c5c5697b,397,master,passed,525,2015-04-10 14:42:59 UTC,57959186,pull_request
57486081,2702cba8e4af72081787c02a2abc4f2e05e620bd,,4.0a,passed,2353,2015-04-07 14:07:44 UTC,57486082,57486083,57486084,push
57337335,c78ee4e8bc815d88f0e5b276984ec5e1af9d4f22,,master,passed,481,2015-04-06 13:56:44 UTC,57337336,push
57195324,52985d7c3b1f214532b5bd26b1d2563045982b83,,master,passed,375,2015-04-04 21:49:38 UTC,57195325,push
56885783,8e1d25f7426879696eaeda22340e694b6e8699ed,,4.0a,passed,2670,2015-04-02 14:00:05 UTC,56885784,56885785,56885786,push
56744015,de0ed109aab0d1492e2d84cffa5dfa60d8a6bdd6,,4.0a,passed,2411,2015-04-01 16:04:10 UTC,56744016,56744018,56744019,push
56659493,0290100538abe33ac07ac7d83f09565a79231f24,,master,passed,336,2015-04-01 01:29:26 UTC,56659494,push
56179830,91466bbf06b7a797b7320dc4efe3d83f6e850b9a,,master,passed,385,2015-03-28 02:33:28 UTC,56179831,push
56096094,b3a98a45f3d3d56ccf86114ce7664fb09f8cfbc5,,master,passed,517,2015-03-27 13:58:58 UTC,56096097,push
55805220,e9cfd2d264c8d1f04ec3a9a26bed17ea690116c8,,master,passed,448,2015-03-25 14:30:56 UTC,55805221,push
55605367,ca62e8ecfb72ecd5c6595f06f169101e7d4af770,376,master,passed,502,2015-03-24 07:49:18 UTC,55605368,pull_request
54147363,563b7b994d863ca9dba4a240eacef9f4ee767dd7,,4.0a,passed,2604,2015-03-12 19:51:14 UTC,54147364,54147365,54147366,push
54050068,abc2dbb1d142144a16888a61369542bb9345c3b7,,4.0a,passed,1947,2015-03-12 04:38:13 UTC,54050069,54050070,54050071,push
54025229,aca42cc07ffde68a5117eb32d51ba450d9188396,,4.0a,passed,2283,2015-03-11 23:05:31 UTC,54025230,54025231,54025232,push
53992369,df870af642d4fb9b0042f2344345f173aaabb06b,,4.0a,passed,1707,2015-03-11 19:03:18 UTC,53992370,53992371,53992373,push
53832936,6b0df2ab43f337747ae102f813eee95649a32699,,4.0a,passed,1754,2015-03-10 17:26:27 UTC,53832937,53832938,53832939,push
53669140,3d48e8916c33bc770839bc2907d4d7f2fdf628ec,,4.0a,passed,2044,2015-03-09 16:03:34 UTC,53669141,53669142,53669143,push
53661519,76c88143d0351bbd27956472cb5a0322551ad51c,,4.0a,passed,2331,2015-03-09 15:08:25 UTC,53661520,53661521,53661522,push
53605328,c3ee8a281155833dc578362ba731a1910320de17,,master,passed,382,2015-03-09 04:14:36 UTC,53605329,push
53600445,59ba832275fc8a202c54c81110c2afcafffafa05,,4.0a,passed,1530,2015-03-09 02:45:54 UTC,53600446,53600447,53600448,push
53429065,5210ba8d3390af9f0cc9bde422aa63601f6e4134,,master,passed,344,2015-03-07 03:57:33 UTC,53429066,push
53422119,d520efbca0dfd80725e477282f55267ea8c67f96,,master,passed,408,2015-03-07 01:40:46 UTC,53422120,push
53421395,66db4a40986a5569fd378f851fbcae1487296932,,master,failed,195,2015-03-07 01:28:12 UTC,53421396,push
53390778,c3e3341cb1873dd31546fb6ad7189aa067e4c940,,4.0a,passed,2288,2015-03-06 20:16:35 UTC,53390779,53390780,53390781,push
53386486,79bd0f8594378fe11065abbdbff0b1dbacbed3cc,,4.0a,passed,1928,2015-03-06 19:44:29 UTC,53386487,53386488,53386489,push
53109091,4563b45d35f922f8944b71da84a827fc91e41302,,4.0a,passed,1499,2015-03-04 22:04:51 UTC,53109092,53109093,53109094,push
52996536,a9f80ea1a5a5c3576feb3b58e38240b597cc586f,,master,passed,420,2015-03-04 04:04:33 UTC,52996537,push
52989711,93a7613b16864eaa7a1ce8596cbac8ff45c4f933,,master,passed,389,2015-03-04 02:25:56 UTC,52989712,push
52696944,4a8c58f5f6276ec344c151c782da30a49775970c,,master,passed,481,2015-03-02 05:01:48 UTC,52696945,push
52288635,1d3ca056c96f40535c14d2feb522fe4ee2f4d161,,master,passed,491,2015-02-26 15:29:47 UTC,52288636,push
52261716,a574887c6bf77bed809f6c0f77e1aa0b50d24c4f,352,master,passed,414,2015-02-26 11:37:37 UTC,52261717,pull_request
52260349,9e2e84969cfc7a1aba138089af0838c92ae433e5,352,master,failed,351,2015-02-26 11:24:47 UTC,52260350,pull_request
52196598,34474ac18b45ec5baba1e1e9e29a330ee921845b,,master,passed,373,2015-02-25 21:57:54 UTC,52196599,push
52165584,34dad9f5b9e8428ee3ac4a2d561def92dce8f2a7,,master,failed,151,2015-02-25 17:55:51 UTC,52165585,push
52054439,6280857fef4cfa3164e9fd9665292500c85afb12,352,master,failed,394,2015-02-24 22:13:53 UTC,52054440,pull_request
52053934,c8a74662000dd4ba16f7be743cb5133438b04323,352,master,failed,414,2015-02-24 22:10:59 UTC,52053935,pull_request
52053737,a91b2edf65b8ace66c1939c5536777f9b16ebcdd,352,master,failed,363,2015-02-24 22:09:19 UTC,52053738,pull_request
52041358,ddfb46fb1264c1adf6cada2b6dadee39221009cf,353,master,failed,260,2015-02-24 20:47:43 UTC,52041359,pull_request
52039924,536fa141166a91691fa286c5fa84e19bda1d07c8,352,master,failed,401,2015-02-24 20:35:19 UTC,52039925,pull_request
51761712,9482c5625651108e797de1adbb071c7f03d2a781,,master,passed,424,2015-02-22 22:03:01 UTC,51761713,push
51746112,04bfd59fe1781e84d5e82033e07d19359f9a7d0d,,master,passed,431,2015-02-22 19:16:18 UTC,51746113,push
51745863,7480e1257d90dad0970408d372e9d5bdef830e87,,v3.5.2,passed,307,2015-02-22 19:13:34 UTC,51745864,push
51745830,7480e1257d90dad0970408d372e9d5bdef830e87,,master,passed,402,2015-02-22 19:13:32 UTC,51745831,push
51520921,0405fcc0782b308e06e0f6a44dc7ca7054f59a47,,4.0a,passed,1802,2015-02-20 15:04:02 UTC,51520922,51520923,51520924,push
51237952,91017ff95f7a4be4d457c86f0df3b44bcc26989a,,master,passed,436,2015-02-18 14:57:06 UTC,51237953,push
51090932,e85cf305eb8e030cbfc3a7c73f438085ee0fb025,,master,passed,438,2015-02-17 15:23:46 UTC,51090933,push
51031042,34fdef902a9087885364e505d3e02f0c19b9fc1c,,master,passed,330,2015-02-17 03:24:06 UTC,51031043,push
51029741,e0b93c361655b8a06621d4257f034c3cc9a94e8c,,4.0a,passed,1902,2015-02-17 03:00:06 UTC,51029742,51029743,51029744,push
50728594,fed707536714e158d8bcdc4faad1161f9581fb07,341,master,passed,342,2015-02-14 07:03:02 UTC,50728595,pull_request
50304785,49047a7c84b829e4ade49c3a2f9a71c8b9f8aaf6,,4.0a,passed,2339,2015-02-11 05:38:53 UTC,50304786,50304787,50304788,push
50085138,431ccaf04b5c3db3f87e2ac2c1ca151f5d63744f,,master,passed,473,2015-02-09 17:21:12 UTC,50085139,push
50069317,863a39958b9735785dc0ca4e1faa184b5c522113,336,master,passed,384,2015-02-09 15:29:15 UTC,50069318,pull_request
50008950,3dd62207d4175b447963122a7e4eb8988a37da34,,4.0a,passed,1559,2015-02-09 02:48:21 UTC,50008951,50008952,50008953,push
50008843,7ab34f3902b21268bc9c53a9f436c07f311b2576,,master,passed,353,2015-02-09 02:45:26 UTC,50008844,push
50001534,297cf1f61f9ff2584d503301e2f48785a399467c,,master,passed,386,2015-02-09 00:38:11 UTC,50001535,push
49995814,b08b47d1380c9d651d800d71f78c79e0440048fa,336,master,passed,347,2015-02-08 23:26:17 UTC,49995815,pull_request
49966343,ca2907f414e1e8254d0469af6becae4e79b94cfe,,master,passed,391,2015-02-08 17:54:04 UTC,49966344,push
49825264,3dcad684f08ae6bf051cd6c55a0261d96ab22234,,master,passed,381,2015-02-07 02:59:24 UTC,49825265,push
49616782,32c9d3827dedf9a9d1372715f3ba68f235e826ac,,4.0a,passed,333,2015-02-05 15:55:08 UTC,49616783,push
49556681,d345e8cfdc5bebea782c16499c13f6a4fd79069f,,4.0a,passed,278,2015-02-05 05:28:01 UTC,49556682,push
49410242,2c5f63eb5711fa6f3463dc58766375653384ad5a,,master,passed,321,2015-02-04 03:42:38 UTC,49410244,push
49342301,b64ccd6b2e3e6362069feb6664a546519dddc08b,,master,passed,455,2015-02-03 17:05:32 UTC,49342302,push
48913674,d2a982b83dc9bfb3a0003e6e0b0d9bdb1eb5e8a3,,master,passed,1214,2015-01-30 16:21:31 UTC,48913675,push
48913133,5386deb84cb9bae6b4e2ac9068c7fbb372c6d64c,,v3.5.1,passed,416,2015-01-30 16:16:52 UTC,48913134,push
48913129,5386deb84cb9bae6b4e2ac9068c7fbb372c6d64c,,master,passed,1064,2015-01-30 16:16:53 UTC,48913130,push
48650512,81e1530cdb1152726fe81621d0d48391fb6e0a65,,master,passed,339,2015-01-28 17:04:30 UTC,48650513,push
48646401,6d96b9194a42b67c482ccaf8a368a008e417a987,,master,passed,460,2015-01-28 16:57:25 UTC,48646403,push
48567906,3cf3cbe7162bc45063709499c196feeefedced0b,318,master,passed,325,2015-01-28 00:54:45 UTC,48567907,pull_request
48285333,d7ddcf57b963b2dca559b4b71ccc285965c72f19,,v3.5.0,passed,418,2015-01-25 22:48:50 UTC,48285335,push
48285324,89352b384388e2a94a59b3381e1014117e57c435,,master,passed,432,2015-01-25 22:46:20 UTC,48285325,push
47941444,3422c5754079df8e7a9871f82281b4dde2a78c5e,,master,passed,540,2015-01-22 17:19:59 UTC,47941445,push
47935303,7fb36016efb97ee84e206f22d4a1ca3df0c51a23,,master,passed,632,2015-01-22 16:35:31 UTC,47935304,push
47931944,13b2bd2b7a376452b98a10fd32a135b2470b5d9d,311,master,passed,433,2015-01-22 16:05:23 UTC,47931945,pull_request
47868770,3e3af8cd19b1d7267db1995a7b35dcf1fe18a2e3,311,master,passed,486,2015-01-22 02:19:20 UTC,47868771,pull_request
47842871,d656d720c7031fd901da101c10b3a51731404e72,311,master,passed,433,2015-01-21 21:48:17 UTC,47842872,pull_request
47834221,1c3164b1e69d3c59aa3853cc679892559fe4a718,311,master,passed,351,2015-01-21 20:39:59 UTC,47834222,pull_request
47819572,8007e2f2c188123852449dbaa4c81b7fccd64ea2,311,master,passed,356,2015-01-21 18:44:01 UTC,47819574,pull_request
47813423,ea5e23394e036737f05acd3dfae8911254cf15f3,311,master,passed,429,2015-01-21 17:58:20 UTC,47813424,pull_request
47797746,e099ef65d0d711f300dd2fe6410b8d005c30abf9,,master,passed,453,2015-01-21 15:59:23 UTC,47797747,push
47691900,9456192da7cb5ffb51d092a325118e4cbdfd8222,,master,passed,427,2015-01-20 19:56:19 UTC,47691902,push
45410975,b7be7be439d32ef73a5e9dcbeed6cf3d042aca8c,,master,passed,388,2014-12-30 01:16:18 UTC,45410976,push
45176648,fad970a0f7219e022690aae62a2af3ed331ebb41,,master,passed,437,2014-12-26 21:20:41 UTC,45176649,push
45171404,cf8317833765b3245e7d214e5f8ce9ea9455fcee,,master,passed,458,2014-12-26 19:57:45 UTC,45171405,push
44775505,04b4e77acddc80832f2014421e1052071b4829d4,,master,passed,384,2014-12-21 23:56:06 UTC,44775506,push
44751195,c957b203cdcffa62e23965fff3131b394352b1b0,,master,passed,410,2014-12-21 17:39:37 UTC,44751196,push
44287335,a62c4d4210edca696d180dc5d713cd0b508b3c90,293,master,failed,274,2014-12-17 03:17:30 UTC,44287336,pull_request
43498965,0d9b798f2633709e53e1451159f5b99fbe24096a,,master,passed,694,2014-12-09 17:51:21 UTC,43498966,push
43483759,45fdfd94a2476b9599018f4696f80a1435927699,289,master,passed,495,2014-12-09 15:41:00 UTC,43483761,pull_request
42752054,3cf5a3094228b714c4f152c048bb0100d16cd3fb,,master,passed,463,2014-12-02 15:38:31 UTC,42752055,push
41976729,3d2580709bb0832ac43b165b18f46301ef054402,,master,passed,638,2014-11-24 16:17:56 UTC,41976730,push
41734554,cd9012882c04bcd0a85180f66f6319af0b3e020d,274,master,passed,479,2014-11-21 17:01:40 UTC,41734555,pull_request
41734493,a062fe247c3bff935a6a9502b894485e977416e4,274,master,passed,390,2014-11-21 17:01:24 UTC,41734494,pull_request
41682381,b6763aea69edc96fd98305f5bd67bc247f6701ed,,master,passed,359,2014-11-21 05:18:58 UTC,41682382,push
41674563,dc80fe44e6074019cddd2d736fa8ff5a894dcf53,,master,passed,449,2014-11-21 02:40:46 UTC,41674564,push
41645514,dbadfaf4399ff070143c2edfafe5da7976d95084,272,palette,passed,452,2014-11-20 21:03:28 UTC,41645515,pull_request
41616215,7ff3cb814d9d4a7fb3837c39f72922835bc9b34b,,palette,failed,266,2014-11-20 16:16:33 UTC,41616216,push
41616054,f10eef310cce25df65875029189969a6f55cf463,273,master,passed,332,2014-11-20 16:12:31 UTC,41616055,pull_request
41614807,72e93e6fc46d33acc1e34d9a315df41eac989e6c,,master,passed,456,2014-11-20 16:01:28 UTC,41614808,push
41608017,d21dc1b90709465db2a625835ff2b0bf6fa2bba5,273,master,passed,452,2014-11-20 14:56:14 UTC,41608019,pull_request
41561107,7dcc877541e359e36db33fb46b49746cdd19445f,,master,passed,395,2014-11-20 03:12:55 UTC,41561108,push
41542988,a6492f7dd1ece226f59ced32d80af0518f760d8a,271,master,failed,411,2014-11-19 23:14:47 UTC,41542989,pull_request
41376452,28a34b614cc9d215e4b506f80e30acf96e119f9d,,master,passed,469,2014-11-18 16:04:21 UTC,41376453,push
41356320,475dfd805e3cb57eaaf71338a88131cfbc6a7dd7,267,master,passed,436,2014-11-18 12:42:35 UTC,41356321,pull_request
41252661,d65969d6803c867b26fabf5870f39579f856dd67,267,master,passed,550,2014-11-17 14:59:58 UTC,41252662,pull_request
41142064,e34df4494ad091e546bb0889d6839e1fc1fd0f2c,,master,passed,423,2014-11-16 07:53:22 UTC,41142065,push
41137495,9089a96ff178e21a710d5ca9bcb649159fdc0023,,master,passed,325,2014-11-16 05:38:59 UTC,41137496,push
41042711,f462212f5879d00de90945034e182ef06a78ecaf,,master,passed,453,2014-11-14 21:18:46 UTC,41042712,push
41001445,2647a13508fa7a97b2da6117ce02194e1b7341b8,267,master,passed,564,2014-11-14 14:21:46 UTC,41001446,pull_request
40995299,029a05ad6efffdcd68212044b63b284abf6bdc26,267,master,passed,361,2014-11-14 13:10:23 UTC,40995300,pull_request
40994026,e1c8dc85a7c4da07442c1c1fc1b42f056d9d9cf9,267,master,failed,341,2014-11-14 12:55:48 UTC,40994027,pull_request
40787280,d7b36af62eee4e2649206332b44f75097d138ed9,,master,passed,430,2014-11-12 16:00:23 UTC,40787281,push
40734633,93208760b2454dc9234380c19198a9381849163c,,master,passed,414,2014-11-12 03:05:58 UTC,40734634,push
40683694,de3eb07775db0687581dc3fdf61d89d30b2b53b3,248,master,passed,395,2014-11-11 17:30:00 UTC,40683695,pull_request
40674993,e43ce50924e5a82ca2e3708691a4f3c347b17eec,248,master,failed,262,2014-11-11 16:12:39 UTC,40674994,pull_request
40646590,c0376ff386bed1154bf2b1e52a450598e588d611,248,master,failed,326,2014-11-11 11:22:31 UTC,40646591,pull_request
40561674,c1fc2eda33b21b455243a7c14efb95497b74d3cd,,master,passed,501,2014-11-10 17:00:35 UTC,40561675,push
40553802,705fe5a93a7254117ae4d762c4aff59e3b2ddce1,,master,passed,516,2014-11-10 15:43:04 UTC,40553803,push
40538024,e76534654d1782f57263f951a36757e1adb1f5da,248,master,failed,133,2014-11-10 13:07:08 UTC,40538025,pull_request
40533637,9a0199d944c071f7b91fced944b27daa47e529e3,250,master,errored,1274,2014-11-10 15:03:41 UTC,40533638,pull_request
40527307,49799a8f68ea44939a4d56423a0bcbc0e2d50138,248,master,failed,190,2014-11-10 10:53:44 UTC,40527308,pull_request
40336511,0ccd7b41a2185e18550d18b76d4ed85bf5709333,,master,passed,403,2014-11-07 21:08:07 UTC,40336512,push
40315633,f8fb9c8647c59ddd811a21f3bc3538475d0cec18,,master,passed,511,2014-11-07 17:28:01 UTC,40315634,push
40314971,a311d4835cdede5757e203d52a1bb5e707cfd989,,v3.4.0,passed,344,2014-11-07 17:19:59 UTC,40314972,push
40314961,a311d4835cdede5757e203d52a1bb5e707cfd989,,master,passed,379,2014-11-07 17:18:30 UTC,40314962,push
40257454,85dbdad1e5e9fc7b2d9e3e2234058dcce956a047,,master,passed,344,2014-11-07 03:18:55 UTC,40257455,push
40197867,e91ade604c4a3c145aacecd8293e9f7a356b5dae,,master,passed,441,2014-11-06 16:37:12 UTC,40197868,push
40072237,59e410d39587e16ca5bdadafa4c4b18043840568,,master,passed,513,2014-11-05 15:37:36 UTC,40072238,push
39962154,913e45915bd8aebd6e419d727020f6efc5d80ac6,,master,passed,446,2014-11-04 16:47:14 UTC,39962155,push
39957938,2007440c380df454db15f83b019a5b4c55ca4b72,,master,passed,384,2014-11-04 16:03:21 UTC,39957939,push
39906366,17180f4ce97118d61e609fef1ebbcbaebdb1d19e,,master,passed,390,2014-11-04 02:45:33 UTC,39906367,push
39865235,1ba6cbc27ceb69d097d0bba0e173ea96ecf41cac,,master,passed,503,2014-11-03 18:55:28 UTC,39865236,push
39513986,deef4ae2607fcbd32caffc03e2490cbca9134643,,master,passed,463,2014-10-30 17:19:38 UTC,39513987,push
39509097,d03c3645ed24540d81a6f40408a2dec1a30befeb,,palette,failed,169,2014-10-30 16:28:20 UTC,39509098,push
39449618,b71d633d0fc091f3a4dc5615bb1f3467ca2df618,,master,passed,278,2014-10-30 01:53:11 UTC,39449619,push
39430996,35ba01c93ca9ff3ed3b9943571a746c5cb242a24,,master,passed,384,2014-10-29 21:35:12 UTC,39430997,push
39304658,05910d7bb9e9aafdf85893227d1dd50b82266771,,master,passed,445,2014-10-28 19:15:22 UTC,39304659,push
39111593,b1d9c53bacafb993dc4f264f76f396611e235bdb,,master,passed,390,2014-10-26 23:41:57 UTC,39111594,push
39101630,b4762ebd63a4da3efd214b91cf45909a9471a3e7,,master,passed,325,2014-10-26 20:49:05 UTC,39101631,push
38945754,284bbcd0ed2c8f747a3b6abbab9c673487842f53,,master,passed,480,2014-10-24 16:38:08 UTC,38945755,push
38886038,af30ddf8b29bf6dabc7ed01891a48906e14b5f8c,,master,passed,387,2014-10-24 02:06:57 UTC,38886039,push
38873470,e4ac1f593a328f35ca17d8603a54db3826da2475,,master,passed,367,2014-10-23 22:34:51 UTC,38873471,push
38835464,adf4c9e65eec8a83b39777438829d6817af89598,,master,passed,390,2014-10-23 16:05:15 UTC,38835465,push
38755642,1c213bd9646c0292439767103060391121624ff9,,master,passed,431,2014-10-22 20:49:51 UTC,38755643,push
38712730,4fcb6cd5b3dbd7ecc58d3e3dcb7a3d8304e54a16,,master,passed,400,2014-10-22 13:58:23 UTC,38712731,push
38631424,39f12e09c7273b13604184e523846c1ef18ff311,,master,passed,697,2014-10-21 17:57:41 UTC,38631426,push
38623233,6958330c93825bbfb70aea1aff9aeed76b59af4e,,master,passed,403,2014-10-21 16:28:47 UTC,38623234,push
38525110,dc756490f3da974008078366b9e1dd5d34677729,,master,passed,377,2014-10-20 18:20:09 UTC,38525111,push
38521663,38ced22f14acd14b69bb102605505d1feb04b46b,,master,passed,374,2014-10-20 17:43:53 UTC,38521664,push
38516956,3ea7f151576f197df4bd6c3cce46f229cc281698,,master,passed,424,2014-10-20 16:50:21 UTC,38516957,push
38442215,29fa7dda76bf92f8d106826ec2769c0ddaade551,,master,passed,297,2014-10-19 21:58:10 UTC,38442216,push
38306259,67e5f1d5b54017ccac1ff2232b5e2d833eebb031,,master,passed,542,2014-10-17 21:06:10 UTC,38306260,push
38284476,114a12eae5a6da8f046cf5328dbbf72f3297312e,,master,passed,449,2014-10-17 17:35:53 UTC,38284477,push
38263880,d88c2f7df8007f44fb2b6ec3c00eac280fb298ec,,master,passed,427,2014-10-17 13:57:29 UTC,38263881,push
38113845,b6a75caaecf84103616b1b6deb71b2f2ba19b4b3,,master,passed,468,2014-10-16 02:33:17 UTC,38113848,push
37943793,7392026b13c2265081d2f467d072d5eb6011720e,,master,passed,451,2014-10-14 14:39:44 UTC,37943794,push
37942412,e26bb8103afe1f5ba8cb6de1944c8bc01febc945,186,master,passed,403,2014-10-14 14:27:43 UTC,37942413,pull_request
37940832,a6c5d2b194661844acbd350abbf2fd2e7bd56fa5,186,master,passed,365,2014-10-14 14:14:34 UTC,37940833,pull_request
37842253,150ddbe66b3ca812dd4f0907c09c53c00c9abf5e,186,master,passed,403,2014-10-13 16:08:36 UTC,37842254,pull_request
37835313,d5c51c6ba09b6e003a5693d94e41d09ad3930395,186,master,passed,393,2014-10-13 14:54:46 UTC,37835315,pull_request
37785978,8f80ee831ff7b42b72be5f8728a9486fe64c2fa6,,master,passed,456,2014-10-13 01:41:45 UTC,37785979,push
37779461,e9e2099fb6fb9ca1db217751f13024355360fbad,186,master,passed,306,2014-10-12 23:01:30 UTC,37779462,pull_request
37620625,7080b408f7c19d7c5d1ab3ca74e10585a61a55fe,,master,passed,406,2014-10-10 17:00:05 UTC,37620626,push
37508500,50c46832b71de76dd5142112b9ef76fc13238d6d,,master,passed,368,2014-10-09 15:01:49 UTC,37508504,push
37506361,03acace22f05e46ec222fdfaf7928169fba5fd3e,179,master,passed,343,2014-10-09 14:39:00 UTC,37506362,pull_request
37504450,56ecaaaeda884a1976942d89a151ad363eaf9b6c,,master,passed,379,2014-10-09 14:20:51 UTC,37504451,push
37466464,6a4581a5c9d4aaccfde5dd8a6b9a23ebae8167b9,179,master,passed,350,2014-10-09 04:25:39 UTC,37466465,pull_request
37461508,e4143173f60d20196f461bddb8b0fe32767baeb9,179,master,passed,361,2014-10-09 02:22:28 UTC,37461509,pull_request
37435972,455f9630cc52c4fcb05fbee7a98d3d46fda99f98,179,master,passed,430,2014-10-08 20:18:11 UTC,37435973,pull_request
37354569,897a034af167e52ecfeda89d267bba1640422058,,master,passed,362,2014-10-08 03:18:54 UTC,37354570,push
37296904,2a14420892a69279015572411676651da630b0fe,179,master,passed,447,2014-10-07 15:01:34 UTC,37296905,pull_request
37146803,1737514a35eae271f1a7d5441b92f9ea9c048e27,,master,passed,296,2014-10-06 03:48:04 UTC,37146804,push
37022630,29438d5d293744613485914005d2717e03cae485,,master,passed,262,2014-10-04 02:28:33 UTC,37022631,push
37019344,36e7c0f4b7bc1a57230c1f90550cb013293b405b,,master,passed,313,2014-10-04 00:52:02 UTC,37019345,push
36931392,f7b3e5d7a4893fd55b3fd36be56bb37319d8aa24,,master,passed,366,2014-10-03 02:31:25 UTC,36931393,push
36833331,42086c3cc9c9303dd7d219cd43da7426683d3a26,,master,passed,342,2014-10-02 02:46:54 UTC,36833332,push
36518357,f9f9d2ba98eabe692df0a893b497993681fe24b0,,master,passed,240,2014-09-28 22:52:23 UTC,36518358,push
36517726,b51cd256aa6d673e49c77676a5e1f9bb644cd2b3,,master,passed,327,2014-09-28 22:40:11 UTC,36517727,push
36513551,b4ed2bbf3fbe3c5bccc57fa253ee8abd13b38549,,master,passed,322,2014-09-28 21:22:39 UTC,36513552,push
36368424,e08fca6797945ad47b4d895a63bf5b3edc08c3be,,master,passed,264,2014-09-26 15:40:17 UTC,36368425,push
36362577,0bda20fb3ac597a309b094ff99b41ba1a4ca475b,,master,passed,342,2014-09-26 14:38:04 UTC,36362578,push
36267324,20676c43a1900854678149f8b0b8184962c383da,,master,passed,341,2014-09-25 15:36:07 UTC,36267326,push
36215212,f2285a83d5ac3e79383278b91aa21b0a87603cd1,,master,passed,233,2014-09-25 01:41:55 UTC,36215213,push
35837891,e7812093bde705833531b43be2e9dc92adef1f5d,,master,passed,278,2014-09-21 01:28:56 UTC,35837892,push
35738079,e91056448d1f32c2585c99811ef69af8b29ce491,,master,passed,240,2014-09-19 14:46:23 UTC,35738080,push
35596359,634650b0ad234e857e7afcc25818e8d0306b2910,,master,passed,415,2014-09-18 02:42:24 UTC,35596360,push
35347154,42db20bed3c2b16f3b6cf3719e5a67023c776dea,,master,passed,373,2014-09-15 15:29:38 UTC,35347155,push
35290877,28744e4e2c68fae8a897eb9a8a579b24023746b6,,v3.3.1,passed,231,2014-09-14 23:14:09 UTC,35290878,push
35290850,2e5ef970e78b2c6b4605444d564fad138b9232cd,,master,passed,267,2014-09-14 23:13:02 UTC,35290851,push
35288302,ddbb043a5e8e4ad1471cde92381548645400570a,,master,passed,256,2014-09-14 22:08:22 UTC,35288303,push
35229166,c168678af320bc0616635f1704f2b914799c4dec,,master,passed,284,2014-09-13 23:38:07 UTC,35229167,push
35228199,6b082ebd7480c5418c20b1d539bfa16912650c50,,master,passed,293,2014-09-13 23:14:36 UTC,35228200,push
35165149,051069671413f8b66a1b237a8f682aa6c1b50275,,master,passed,362,2014-09-12 22:07:25 UTC,35165150,push
35138815,36d52a4b762f98482163e38c68a324ae20392e7d,,master,passed,486,2014-09-12 16:52:50 UTC,35138816,push
34873794,e0239113cb498388e7c46664df6490335de6bb84,,master,passed,267,2014-09-10 02:10:22 UTC,34873795,push
34822998,526ae88675e01956aa14415b0cba527cf4f1cb0a,,master,passed,303,2014-09-09 15:08:53 UTC,34822999,push
34820985,f3d7d331354a6020570a4ab6e3fc7b67203d361c,127,master,passed,275,2014-09-09 14:51:21 UTC,34820986,pull_request
34777587,2bd356be45b4af1419c06d05336238d18581af0e,,master,passed,406,2014-09-09 03:59:01 UTC,34777588,push
34669987,1aae73448879a7ca03902d3c9379ba3e29e4ae5b,,master,passed,298,2014-09-08 01:33:48 UTC,34669988,push
34669807,d5cf5cb0a7646969a68d58e644420ee71af14370,,master,passed,372,2014-09-08 01:25:53 UTC,34669808,push
34659669,3716bb60c9ab304aca41b79019c6bbbdb45c0236,125,master,passed,250,2014-09-07 21:30:52 UTC,34659670,pull_request
34658141,76a6089ee030a8f6fd7d5abf2ba68225aaf44657,,master,passed,396,2014-09-07 21:05:22 UTC,34658142,push
34593802,3d81fc2b99797dd9c920f08fec57a8e124cee32f,,master,passed,344,2014-09-06 19:35:05 UTC,34593803,push
34558365,00b0acca158c68091735a5c1aaa640306cd0b922,,master,passed,268,2014-09-06 04:59:39 UTC,34558366,push
34558078,d1fb10c8fdb173126171498f85bc5bf6d297fe43,120,master,passed,245,2014-09-06 04:50:33 UTC,34558079,pull_request
34558048,787279ab3e72c83626e65382a1dbd97f45e6cbd3,,master,passed,287,2014-09-06 04:50:03 UTC,34558049,push
34557754,ab87f38c82ac8b052b9a92ccabe4f5b45210da06,,master,passed,272,2014-09-06 04:38:08 UTC,34557755,push
34546922,e3b13ae14df6b6102ad0bd2d6d4178359415d5cc,120,master,passed,265,2014-09-05 23:43:02 UTC,34546923,pull_request
34460724,99a1de1974045b7f0f67ed28f2ae34e860abd978,,master,passed,472,2014-09-05 03:50:18 UTC,34460725,push
34333188,219b3a468a7749e4b52b0e710df31e3c3b944573,,master,passed,355,2014-09-03 21:07:23 UTC,34333189,push
34330891,3f76d50c1eda88667c1f164d58a37061cb3c75f9,114,master,passed,388,2014-09-03 20:42:31 UTC,34330892,pull_request
34300462,090f1af18b872c3304c3ee265e86d20f41b694c0,,master,passed,404,2014-09-03 15:34:30 UTC,34300463,push
34299692,2b975de3b264ff368ac507a6595171c31cd028b3,114,master,passed,322,2014-09-03 15:26:23 UTC,34299693,pull_request
34287390,6faee82e14abcba34bec7dd0de29d26c7abfe9f9,114,master,passed,291,2014-09-03 13:23:08 UTC,34287391,pull_request
34249990,b23e1c479179b472ebb31ac20ec57a4284029d78,,master,passed,452,2014-09-03 03:07:17 UTC,34249991,push
34206507,3b3414f897b9db21e450b2a511f27606dfdb94d0,,master,passed,584,2014-09-02 16:56:37 UTC,34206508,push
34145245,d7eed7bc488fdaf88a4dfa1833373ff63ce886f6,,master,passed,260,2014-09-02 00:51:46 UTC,34145246,push
34144218,bf17e1d0fb987cad223ea01c932cef9b15b4dcf1,,v3.3.0,passed,257,2014-09-02 00:36:40 UTC,34144219,push
34144177,bf17e1d0fb987cad223ea01c932cef9b15b4dcf1,,master,passed,264,2014-09-02 00:26:07 UTC,34144178,push
34141889,8bb5e18b09fa9246836fede0db6f86145df00cd6,,master,passed,400,2014-09-01 23:26:59 UTC,34141890,push
34133164,60b06578a99c3b29998be855e5e636e6e624850b,,3.0a,passed,286,2014-09-01 20:55:07 UTC,34133165,push
34118398,3947c741df8f8b0658430c22536b244dd26b793c,,3.0a,passed,312,2014-09-01 17:15:22 UTC,34118399,push
34111667,c7e6859197eaf80f0c752632d9b44a931f0d83b7,,3.0a,passed,281,2014-09-01 15:37:49 UTC,34111668,push
34061344,1cd0b7c7f697e82df47febe9713ed1c8f981d53d,,3.0a,passed,273,2014-08-31 23:39:01 UTC,34061345,push
34058871,76666786ed7639da220a9bbba40412002f1faa71,,3.0a,passed,310,2014-08-31 22:36:48 UTC,34058872,push
34055957,c4cb69cd2ada92757c158af88d56ccc81ec72ee6,,3.0a,passed,300,2014-08-31 21:30:34 UTC,34055958,push
34054261,86d92c89644021ab420ea612ce9d7d02b9b24be2,,3.0a,passed,428,2014-08-31 20:59:43 UTC,34054262,push
34051966,9df9953e2d43570c81cc3b419c19556eb50dc695,,3.0a,passed,239,2014-08-31 20:23:19 UTC,34051967,push
34049370,aaee3927e63727c12b6ad6bf946b1854e9f9b940,100,3.0a,passed,344,2014-08-31 19:37:27 UTC,34049371,pull_request
34049368,56d36ccaa6cf7d307352f464e7b593a31e19e089,103,3.0a,passed,254,2014-08-31 19:37:22 UTC,34049369,pull_request
34048778,81d761e71ce3a93550b3292ec62a5196c618e120,103,3.0a,failed,394,2014-08-31 19:21:58 UTC,34048779,pull_request
34048608,8dc74719c83af6f84d42de9e9c0cc6e05d41aae3,102,3.0a,passed,256,2014-08-31 19:17:48 UTC,34048609,pull_request
34048486,5fe9421ae295771ded539242dc67e09afa1eec60,101,3.0a,passed,279,2014-08-31 19:15:43 UTC,34048487,pull_request
34048024,c25b17f83162da8c302f896925cbf332fa90e0e7,100,3.0a,failed,389,2014-08-31 19:05:38 UTC,34048025,pull_request
34047923,54111f888582cefa88b2429767a58d9fe63efdc2,99,3.0a,passed,248,2014-08-31 19:03:09 UTC,34047924,pull_request
34047671,bc731b2d75cb6820a6e83ebb221f4d98e1283d01,98,3.0a,passed,276,2014-08-31 18:57:56 UTC,34047672,pull_request
33992433,8668710dcf315ed9818d760275c6ceccc90fe56c,,3.0a,passed,235,2014-08-30 19:03:05 UTC,33992434,push
33398866,db85af9fc44f98de5cfc2eb0c8b49ab44242d235,,3.0a,passed,276,2014-08-24 03:50:15 UTC,33398867,push
32793817,96fd24996d9f52c067345f0174d948ca10256eb8,,3.0a,passed,350,2014-08-17 19:27:29 UTC,32793818,push
32337150,5c3697fff7866246e107030b8c92359d4ebc1cf3,,3.0a,passed,313,2014-08-12 14:11:01 UTC,32337151,push
30274116,b8b7c87596739f144c8bd4b449f14d7d947ecd4d,,3.0a,passed,417,2014-07-18 14:39:59 UTC,30274117,push
29749602,186211e3d2350215984741f6df958c52a73e125d,,3.0a,passed,302,2014-07-12 02:22:40 UTC,29749603,push
29702808,a1fdbb44c7260d81b810ffa717e049a3f2438c19,,3.0a,passed,240,2014-07-11 14:27:11 UTC,29702809,push
29468841,9b681c2e88b3722582585a3095cca295f5984098,,3.0a,passed,325,2014-07-09 02:15:13 UTC,29468842,push
29273061,ad67eab60aed16b0269d33eb9b02eeb9f07210eb,,3.0a,passed,295,2014-07-06 21:40:38 UTC,29273062,push
29258588,e152fdff4c305ce60f81d3a26e15a0157e8b7e4a,,3.0a,passed,308,2014-07-06 17:10:46 UTC,29258589,push
29014789,fe090f50f3040f4d478143a3e0ffa8cdf813fefc,,3.0a,passed,303,2014-07-02 23:48:55 UTC,29014790,push
29013834,f59f35a759798ea0a5751e34a2585606fc9796af,,3.0a,passed,406,2014-07-02 23:31:39 UTC,29013835,push
28786053,4f7c51ca4c48911c24097b86932c229fa874359e,,3.0a,passed,295,2014-06-30 15:12:26 UTC,28786054,push
28728593,751aa97f348f94dcfad5df5bd530c623ab9ec4c6,,3.0a,passed,410,2014-06-29 20:14:15 UTC,28728594,push
28636987,0181060403cb0a7a2b344e4b2f55667194f09732,,3.0a,passed,215,2014-06-28 00:05:24 UTC,28636988,push
28636205,a6abdf254070ed17319d3d93a83ba40ee2642358,,3.0a,passed,201,2014-06-27 23:42:41 UTC,28636208,push
28598837,53c16e03081b659c2c9009721b1a50728d4fae80,,3.0a,passed,187,2014-06-27 15:08:25 UTC,28598838,push
28541457,6cdebac98d36c87ff41f44f1eed75f3115428688,,3.0a,passed,194,2014-06-26 21:39:41 UTC,28541458,push
28465131,5166e0e9cce71ae4d515355ea2c3ac68ec830157,,3.0a,passed,136,2014-06-26 02:09:10 UTC,28465132,push
